CREATE TABLE Armazem_Colheita (
  id                     number(10) GENERATED BY DEFAULT AS IDENTITY, 
  Instalação_Agricola_id number(10) NOT NULL, 
  PRIMARY KEY (id));
CREATE TABLE Armazem_Factor_De_Produção (
  id                     number(10) GENERATED BY DEFAULT AS IDENTITY, 
  Instalação_Agricola_id number(10) NOT NULL, 
  PRIMARY KEY (id));
CREATE TABLE Armazem_Ração_Animal (
  id                     number(10) GENERATED BY DEFAULT AS IDENTITY, 
  Instalação_Agricola_id number(10) NOT NULL, 
  PRIMARY KEY (id));
CREATE TABLE Armazem_Ração_Animal_Ração_Animal (
  Armazem_Ração_Animal_id number(10) NOT NULL, 
  Ração_Animal_id         number(10) NOT NULL, 
  PRIMARY KEY (Armazem_Ração_Animal_id, 
  Ração_Animal_id));
CREATE TABLE Cabaz (
  id                      number(10) GENERATED BY DEFAULT AS IDENTITY, 
  Preço                   float(10) NOT NULL, 
  Data_De_Registo         date NOT NULL, 
  Rede_De_Distribuição_id number(10) NOT NULL, 
  Instalação_Agricola_id  number(10) NOT NULL, 
  Encomenda_id            number(10) NOT NULL, 
  PRIMARY KEY (id));
CREATE TABLE Cabaz_Produto (
  Cabaz_id   number(10) NOT NULL, 
  Produto_id number(10) NOT NULL, 
  PRIMARY KEY (Cabaz_id, 
  Produto_id));
CREATE TABLE Caderno_De_Campo (
  id                 number(10) GENERATED BY DEFAULT AS IDENTITY, 
  Gestor_Agricola_id number(10) NOT NULL, 
  PRIMARY KEY (id));
CREATE TABLE Cliente (
  id                               number(10) NOT NULL, 
  Nome                             varchar2(50) NOT NULL, 
  Numero_Fiscal                    number(10) NOT NULL UNIQUE, 
  Email                            varchar2(50) NOT NULL UNIQUE, 
  Plafond                          float(10) NOT NULL, 
  Morada_Correspondencia_id        number(10) NOT NULL, 
  Morada_Entrega_id                number(10) NOT NULL, 
  Quantidade_Encomendas_Ultimo_Ano number(10) NOT NULL, 
  Acumulado_Encomendas_Ultimo_Ano  float(10) NOT NULL, 
  PRIMARY KEY (id, 
  Morada_Correspondencia_id, 
  Morada_Entrega_id));
CREATE TABLE Colheita (
  id                  number(10) GENERATED BY DEFAULT AS IDENTITY, 
  Data                date NOT NULL, 
  Quantidade          number(10) NOT NULL, 
  Armazem_Colheita_id number(10) NOT NULL, 
  Produto_id          number(10) NOT NULL, 
  Parcela_Agricola_id number(10) NOT NULL, 
  Caderno_De_Campo_id number(10) NOT NULL, 
  PRIMARY KEY (id));
CREATE TABLE Condutor (
  id    number(10) GENERATED BY DEFAULT AS IDENTITY, 
  Nome  varchar2(50) NOT NULL, 
  Email varchar2(50) NOT NULL UNIQUE, 
  PRIMARY KEY (id));
CREATE TABLE Controlador (
  id                 number(10) GENERATED BY DEFAULT AS IDENTITY, 
  Sistema_De_Rega_id number(10) NOT NULL, 
  PRIMARY KEY (id));
CREATE TABLE Cultura (
  id             number(10) GENERATED BY DEFAULT AS IDENTITY, 
  Nome_Comercial varchar2(50) NOT NULL, 
  Tipo           varchar2(50) NOT NULL, 
  PRIMARY KEY (id));
CREATE TABLE Electrovalvulas (
  id             number(10) GENERATED BY DEFAULT AS IDENTITY, 
  Controlador_id number(10) NOT NULL, 
  PRIMARY KEY (id));
CREATE TABLE Elemento_Nutritivo_Organico (
  id         number(10) GENERATED BY DEFAULT AS IDENTITY, 
  Designação varchar2(50) NOT NULL, 
  Quantidade varchar2(10) NOT NULL, 
  PRIMARY KEY (id));
CREATE TABLE Encomenda (
  id                                number(10) GENERATED BY DEFAULT AS IDENTITY, 
  Rede_De_Distribuição_id           number(10) NOT NULL, 
  Estado_Encomenda                  varchar2(50) NOT NULL, 
  Data_Registo                      date NOT NULL, 
  Data_Pagamento                    date, 
  Data_Entrega                      date NOT NULL, 
  Cliente_id                        number(10) NOT NULL, 
  Cliente_Morada_Correspondencia_id number(10) NOT NULL, 
  Cliente_Morada_Entrega_id         number(10) NOT NULL, 
  PRIMARY KEY (id));
CREATE TABLE Estabulo_Animal (
  id                     number(10) GENERATED BY DEFAULT AS IDENTITY, 
  Instalação_Agricola_id number(10) NOT NULL, 
  PRIMARY KEY (id));
CREATE TABLE Estação_Meteorologica (
  id                     number(10) GENERATED BY DEFAULT AS IDENTITY, 
  Instalação_Agricola_id number(10) NOT NULL, 
  PRIMARY KEY (id));
CREATE TABLE Factor_De_Produção (
  id               number(10) GENERATED BY DEFAULT AS IDENTITY, 
  Nome_Comercial   varchar2(50) NOT NULL, 
  Tipo             varchar2(50) NOT NULL, 
  Formulação       varchar2(20) NOT NULL, 
  Fornecedor       varchar2(255) NOT NULL, 
  Ficha_Tecnica_id number(10) NOT NULL, 
  PRIMARY KEY (id));
CREATE TABLE Factor_De_Produção_Armazem_Factor_De_Produção (
  Factor_De_Produção_id         number(10) NOT NULL, 
  Armazem_Factor_De_Produção_id number(10) NOT NULL, 
  PRIMARY KEY (Factor_De_Produção_id, 
  Armazem_Factor_De_Produção_id));
CREATE TABLE Fertilização (
  id                    number(10) GENERATED BY DEFAULT AS IDENTITY, 
  Caderno_De_Campo_id   number(10) NOT NULL, 
  Factor_De_Produção_id number(10) NOT NULL, 
  Parcela_Agricola_id   number(10) NOT NULL, 
  Metodo_Aplicação      varchar2(100), 
  Data                  date, 
  Quantidade            number(10), 
  PRIMARY KEY (id));
CREATE TABLE Ficha_Tecnica (
  id number(10) GENERATED BY DEFAULT AS IDENTITY, 
  PRIMARY KEY (id));
CREATE TABLE Ficha_Tecnica_Elemento_Nutritivo_Organico (
  Ficha_Tecnica_id               number(10) NOT NULL, 
  Elemento_Nutritivo_Organico_id number(10) NOT NULL, 
  PRIMARY KEY (Ficha_Tecnica_id, 
  Elemento_Nutritivo_Organico_id));
CREATE TABLE Ficha_Tecnica_Substancia_Organica (
  Ficha_Tecnica_id       number(10) NOT NULL, 
  Substancia_Organica_id number(10) NOT NULL, 
  PRIMARY KEY (Ficha_Tecnica_id, 
  Substancia_Organica_id));
CREATE TABLE Filtro (
  id    number(10) GENERATED BY DEFAULT AS IDENTITY, 
  Marca varchar2(20) NOT NULL, 
  PRIMARY KEY (id));
CREATE TABLE Garagem_Maquinas_Alfaias (
  id                     number(10) GENERATED BY DEFAULT AS IDENTITY, 
  Instalação_Agricola_id number(10) NOT NULL, 
  PRIMARY KEY (id));
CREATE TABLE Gestor_Agricola (
  id    number(10) GENERATED BY DEFAULT AS IDENTITY, 
  Nome  varchar2(50) NOT NULL, 
  Email varchar2(50) NOT NULL UNIQUE, 
  PRIMARY KEY (id));
CREATE TABLE Gestor_De_Distribuição (
  id    number(10) GENERATED BY DEFAULT AS IDENTITY, 
  Nome  varchar2(50) NOT NULL, 
  Email varchar2(50) NOT NULL UNIQUE, 
  PRIMARY KEY (id));
CREATE TABLE Incidente (
  id                               number(10) NOT NULL, 
  Cliente_id                       number(10) NOT NULL, 
  Valor                            number(10) NOT NULL, 
  Data_Ocorrencia                  date NOT NULL, 
  Data_Sanado                      date NOT NULL, 
  ClienteMorada_Correspondencia_id number(10) NOT NULL, 
  ClienteMorada_Entrega_id         number(10) NOT NULL, 
  PRIMARY KEY (id, 
  ClienteMorada_Correspondencia_id, 
  ClienteMorada_Entrega_id));
CREATE TABLE Instalação_Agricola (
  id number(10) GENERATED BY DEFAULT AS IDENTITY, 
  PRIMARY KEY (id));
CREATE TABLE Instalação_Agricola_Rede_De_Distribuição (
  Instalação_Agricola_id  number(10) NOT NULL, 
  Rede_De_Distribuição_id number(10) NOT NULL, 
  PRIMARY KEY (Instalação_Agricola_id, 
  Rede_De_Distribuição_id));
CREATE TABLE Morada (
  id            number(10) GENERATED BY DEFAULT AS IDENTITY, 
  Codigo_Postal varchar2(8) NOT NULL, 
  Localidade    varchar2(100) NOT NULL, 
  PRIMARY KEY (id));
CREATE TABLE Parcela_Agricola (
  id                     number(10) GENERATED BY DEFAULT AS IDENTITY, 
  Designação             varchar2(50) NOT NULL, 
  Area                   varchar2(100) NOT NULL, 
  Cultura_id             number(10) NOT NULL, 
  Instalação_Agricola_id number(10) NOT NULL, 
  Sistema_De_Rega_id     number(10) NOT NULL, 
  Gestor_Agricola_id     number(10) NOT NULL, 
  PRIMARY KEY (id));
CREATE TABLE Parcela_Agricola_Restrição (
  Parcela_Agricola_id number(10) NOT NULL, 
  Restrição_id        number(10) NOT NULL, 
  PRIMARY KEY (Parcela_Agricola_id, 
  Restrição_id));
CREATE TABLE Plano_De_Rega (
  id                  number(10) GENERATED BY DEFAULT AS IDENTITY, 
  Sistema_De_Rega_id  number(10) NOT NULL, 
  Caderno_De_Campo_id number(10) NOT NULL, 
  Ordem_Rega          number(10) NOT NULL, 
  PRIMARY KEY (id));
CREATE TABLE Produto (
  id    number(10) GENERATED BY DEFAULT AS IDENTITY, 
  Nome  varchar2(255) NOT NULL, 
  Preço float(10) NOT NULL, 
  PRIMARY KEY (id));
CREATE TABLE Ração_Animal (
  id number(10) GENERATED BY DEFAULT AS IDENTITY, 
  PRIMARY KEY (id));
CREATE TABLE Rede_De_Distribuição (
  id                        number(10) GENERATED BY DEFAULT AS IDENTITY, 
  Tipo_De_Venda             varchar2(100) NOT NULL, 
  Gestor_De_Distribuição_id number(10) NOT NULL, 
  PRIMARY KEY (id));
CREATE TABLE Rede_De_Distribuição_Condutor (
  Rede_De_Distribuição_id number(10) NOT NULL, 
  Condutor_id             number(10) NOT NULL, 
  PRIMARY KEY (Rede_De_Distribuição_id, 
  Condutor_id));
CREATE TABLE Rega (
  id                  number(10) GENERATED BY DEFAULT AS IDENTITY, 
  Data                date NOT NULL, 
  Tempo               number(10) NOT NULL, 
  Periodicidade       number(10) NOT NULL, 
  Plano_De_Rega_id    number(10) NOT NULL, 
  Parcela_Agricola_id number(10) NOT NULL, 
  PRIMARY KEY (id));
CREATE TABLE Restrição (
  id                   number(10) GENERATED BY DEFAULT AS IDENTITY, 
  Factor_De_Produçãoid number(10) NOT NULL, 
  dateInitial          date NOT NULL, 
  dateEnd              date NOT NULL, 
  PRIMARY KEY (id));
CREATE TABLE Sensor (
  id                       varchar2(5) NOT NULL, 
  Tipo                     varchar2(2) NOT NULL, 
  Valor_De_Referencia      number(13) NOT NULL, 
  Estação_Meteorologica_id number(10) NOT NULL, 
  PRIMARY KEY (id, 
  Tipo, 
  Valor_De_Referencia));
CREATE TABLE Sistema_De_Rega (
  id                   number(10) GENERATED BY DEFAULT AS IDENTITY, 
  Dimensão             number(10) NOT NULL, 
  Tipo_De_Rega         varchar2(20) NOT NULL, 
  Tipo_De_Distribuição varchar2(30) NOT NULL, 
  PRIMARY KEY (id));
CREATE TABLE Sistema_De_Rega_Filtro (
  Sistema_De_Rega_id number(10) NOT NULL, 
  Filtro_id          number(10) NOT NULL, 
  PRIMARY KEY (Sistema_De_Rega_id, 
  Filtro_id));
CREATE TABLE Substancia_Organica (
  id         number(10) GENERATED BY DEFAULT AS IDENTITY, 
  Designação varchar2(50) NOT NULL, 
  Quantidade varchar2(10) NOT NULL, 
  PRIMARY KEY (id));
CREATE TABLE Tempo (
  Ano number(4) NOT NULL, 
  Mês varchar2(9) NOT NULL);
CREATE TABLE Valor_Sensor (
  id                         number(10) GENERATED BY DEFAULT AS IDENTITY, 
  Valor_Medido               number(10) NOT NULL, 
  Data                       timestamp(0) NOT NULL, 
  Sensor_id                  varchar2(5) NOT NULL, 
  Caderno_De_Campo_id        number(10) NOT NULL, 
  Sensor_Tipo                varchar2(2) NOT NULL, 
  Sensor_Valor_De_Referencia number(10) NOT NULL, 
  PRIMARY KEY (id));
CREATE TABLE input_sensor (input_string varchar2(25) NOT NULL);
CREATE TABLE Registo_Não_Inserido (
  Registo_Sensor_id number(10) NOT NULL, 
  Sensor_id         varchar2(5) NOT NULL, 
  Numero_De_Erros   number(10) NOT NULL);
CREATE TABLE Registo_Sensor (
  id                     number(10) GENERATED BY DEFAULT AS IDENTITY, 
  Data_Hora              number(10) NOT NULL, 
  Registos_Lidos         number(10) NOT NULL, 
  Registos_Inseridos     number(10) NOT NULL, 
  Registos_Não_Inseridos number(10) NOT NULL, 
  PRIMARY KEY (id));
  CREATE TABLE Hub (
  Morada_id number(10), 
  id        varchar2(5) NOT NULL, 
  latitude  float(10) NOT NULL, 
  longidute float(10) NOT NULL, 
  PRIMARY KEY (id));
CREATE TABLE input_hub (
  input_string varchar2(25) NOT NULL);

ALTER TABLE Armazem_Ração_Animal_Ração_Animal ADD CONSTRAINT FK_Armazem_Ração_Animal_Ração_Animal_Armazem_Ração_Animal FOREIGN KEY (Armazem_Ração_Animal_id) REFERENCES Armazem_Ração_Animal (id);
ALTER TABLE Armazem_Ração_Animal_Ração_Animal ADD CONSTRAINT FK_Armazem_Ração_Animal_Ração_Animal_Ração_Animal FOREIGN KEY (Ração_Animal_id) REFERENCES Ração_Animal (id);
ALTER TABLE Ficha_Tecnica_Substancia_Organica ADD CONSTRAINT FK_Ficha_Tecnica_Substancia_Organica_Ficha_Tecnica FOREIGN KEY (Ficha_Tecnica_id) REFERENCES Ficha_Tecnica (id);
ALTER TABLE Ficha_Tecnica_Substancia_Organica ADD CONSTRAINT FK_Ficha_Tecnica_Substancia_Organica_Substancia_Organica FOREIGN KEY (Substancia_Organica_id) REFERENCES Substancia_Organica (id);
ALTER TABLE Ficha_Tecnica_Elemento_Nutritivo_Organico ADD CONSTRAINT FK_Ficha_Tecnica_Elemento_Nutritivo_Organico_Ficha_Tecnica FOREIGN KEY (Ficha_Tecnica_id) REFERENCES Ficha_Tecnica (id);
ALTER TABLE Ficha_Tecnica_Elemento_Nutritivo_Organico ADD CONSTRAINT FK_Ficha_Tecnica_Elemento_Nutritivo_Organico_ FOREIGN KEY (Elemento_Nutritivo_Organico_id) REFERENCES Elemento_Nutritivo_Organico (id);
ALTER TABLE Factor_De_Produção_Armazem_Factor_De_Produção ADD CONSTRAINT FK_Factor_De_Produção_Armazem_Factor_De_Produção_Elemento_Nutritivo_Organico FOREIGN KEY (Factor_De_Produção_id) REFERENCES Factor_De_Produção (id);
ALTER TABLE Factor_De_Produção_Armazem_Factor_De_Produção ADD CONSTRAINT FK_Factor_De_Produção_Armazem_Factor_De_Produção_Armazem_Factor_De_Produção FOREIGN KEY (Armazem_Factor_De_Produção_id) REFERENCES Armazem_Factor_De_Produção (id);
ALTER TABLE Parcela_Agricola ADD CONSTRAINT FK_Parcela_Agricola_Cultura FOREIGN KEY (Cultura_id) REFERENCES Cultura (id);
ALTER TABLE Parcela_Agricola ADD CONSTRAINT FK_Parcela_Agricola_Instalação_Agricola FOREIGN KEY (Instalação_Agricola_id) REFERENCES Instalação_Agricola (id);
ALTER TABLE Armazem_Factor_De_Produção ADD CONSTRAINT FK_Armazem_Factor_De_Produção_Instalação_Agricola FOREIGN KEY (Instalação_Agricola_id) REFERENCES Instalação_Agricola (id);
ALTER TABLE Estabulo_Animal ADD CONSTRAINT FK_Estabulo_Animal_Instalação_Agricola FOREIGN KEY (Instalação_Agricola_id) REFERENCES Instalação_Agricola (id);
ALTER TABLE Garagem_Maquinas_Alfaias ADD CONSTRAINT FK_Garagem_Maquinas_Alfaias_Instalação_Agricola FOREIGN KEY (Instalação_Agricola_id) REFERENCES Instalação_Agricola (id);
ALTER TABLE Armazem_Ração_Animal ADD CONSTRAINT FK_Armazem_Ração_Animal_Instalação_Agricola FOREIGN KEY (Instalação_Agricola_id) REFERENCES Instalação_Agricola (id);
ALTER TABLE Armazem_Colheita ADD CONSTRAINT FK_Armazem_Colheita_Instalação_Agricola FOREIGN KEY (Instalação_Agricola_id) REFERENCES Instalação_Agricola (id);
ALTER TABLE Factor_De_Produção ADD CONSTRAINT FK_Factor_De_Produção_Ficha_Tecnica FOREIGN KEY (Ficha_Tecnica_id) REFERENCES Ficha_Tecnica (id);
ALTER TABLE Estação_Meteorologica ADD CONSTRAINT FK_Estação_Meteorologica_Instalação_Agricola FOREIGN KEY (Instalação_Agricola_id) REFERENCES Instalação_Agricola (id);
ALTER TABLE Sensor ADD CONSTRAINT FK_Sensor_Estação_Meteorologica FOREIGN KEY (Estação_Meteorologica_id) REFERENCES Estação_Meteorologica (id);
ALTER TABLE Sistema_De_Rega_Filtro ADD CONSTRAINT FK_Sistema_De_Rega_Filtro_Sistema_De_Rega FOREIGN KEY (Sistema_De_Rega_id) REFERENCES Sistema_De_Rega (id);
ALTER TABLE Sistema_De_Rega_Filtro ADD CONSTRAINT FK_Sistema_De_Rega_Filtro_Filtro FOREIGN KEY (Filtro_id) REFERENCES Filtro (id);
ALTER TABLE Controlador ADD CONSTRAINT FK_Controlador_Sistema_De_Rega FOREIGN KEY (Sistema_De_Rega_id) REFERENCES Sistema_De_Rega (id);
ALTER TABLE Electrovalvulas ADD CONSTRAINT FK_Electrovalvulas_Controlador FOREIGN KEY (Controlador_id) REFERENCES Controlador (id);
ALTER TABLE Parcela_Agricola ADD CONSTRAINT FK_Parcela_Agricola_Sistema_De_Rega FOREIGN KEY (Sistema_De_Rega_id) REFERENCES Sistema_De_Rega (id);
ALTER TABLE Plano_De_Rega ADD CONSTRAINT FK_Plano_De_Rega_Sistema_De_Rega FOREIGN KEY (Sistema_De_Rega_id) REFERENCES Sistema_De_Rega (id);
ALTER TABLE Cabaz_Produto ADD CONSTRAINT FK_Cabaz_Produto_Cabaz FOREIGN KEY (Cabaz_id) REFERENCES Cabaz (id);
ALTER TABLE Cabaz_Produto ADD CONSTRAINT FK_Cabaz_Produto_Produto FOREIGN KEY (Produto_id) REFERENCES Produto (id);
ALTER TABLE Cabaz ADD CONSTRAINT FK_Cabaz_Rede_De_Distribuição FOREIGN KEY (Rede_De_Distribuição_id) REFERENCES Rede_De_Distribuição (id);
ALTER TABLE Cabaz ADD CONSTRAINT FK_Cabaz_Instalação_Agricola FOREIGN KEY (Instalação_Agricola_id) REFERENCES Instalação_Agricola (id);
ALTER TABLE Encomenda ADD CONSTRAINT FK_Encomenda_Rede_De_Distribuição FOREIGN KEY (Rede_De_Distribuição_id) REFERENCES Rede_De_Distribuição (id);
ALTER TABLE Instalação_Agricola_Rede_De_Distribuição ADD CONSTRAINT FK_Instalação_Agricola_Rede_De_Distribuição_Instalação_Agricola FOREIGN KEY (Instalação_Agricola_id) REFERENCES Instalação_Agricola (id);
ALTER TABLE Instalação_Agricola_Rede_De_Distribuição ADD CONSTRAINT FK_Instalação_Agricola_Rede_De_Distribuição_Rede_De_Distribuição FOREIGN KEY (Rede_De_Distribuição_id) REFERENCES Rede_De_Distribuição (id);
ALTER TABLE Caderno_De_Campo ADD CONSTRAINT FK_Caderno_De_Campo_Gestor_Agricola FOREIGN KEY (Gestor_Agricola_id) REFERENCES Gestor_Agricola (id);
ALTER TABLE Parcela_Agricola ADD CONSTRAINT FK_Parcela_Agricola_Gestor_Agricola FOREIGN KEY (Gestor_Agricola_id) REFERENCES Gestor_Agricola (id);
ALTER TABLE Valor_Sensor ADD CONSTRAINT FK_Valor_Sensor_Sensor FOREIGN KEY (Sensor_id, Sensor_Tipo, Sensor_Valor_De_Referencia) REFERENCES Sensor (id, Tipo, Valor_De_Referencia);
ALTER TABLE Valor_Sensor ADD CONSTRAINT FK_Valor_Sensor_Caderno_De_Campo FOREIGN KEY (Caderno_De_Campo_id) REFERENCES Caderno_De_Campo (id);
ALTER TABLE Colheita ADD CONSTRAINT FK_Colheita_Armazem_Colheita FOREIGN KEY (Armazem_Colheita_id) REFERENCES Armazem_Colheita (id);
ALTER TABLE Colheita ADD CONSTRAINT FK_Colheita_Produto FOREIGN KEY (Produto_id) REFERENCES Produto (id);
ALTER TABLE Colheita ADD CONSTRAINT FK_Colheita_Parcela_Agricola FOREIGN KEY (Parcela_Agricola_id) REFERENCES Parcela_Agricola (id);
ALTER TABLE Colheita ADD CONSTRAINT FK_Colheita_Caderno_De_Campo FOREIGN KEY (Caderno_De_Campo_id) REFERENCES Caderno_De_Campo (id);
ALTER TABLE Fertilização ADD CONSTRAINT FK_Fertilização_Caderno_De_Campo FOREIGN KEY (Caderno_De_Campo_id) REFERENCES Caderno_De_Campo (id);
ALTER TABLE Fertilização ADD CONSTRAINT FK_Fertilização_Factor_De_Produção FOREIGN KEY (Factor_De_Produção_id) REFERENCES Factor_De_Produção (id);
ALTER TABLE Fertilização ADD CONSTRAINT FK_Fertilização_Parcela_Agricola FOREIGN KEY (Parcela_Agricola_id) REFERENCES Parcela_Agricola (id);
ALTER TABLE Plano_De_Rega ADD CONSTRAINT FK_Plano_De_Rega_Caderno_De_Campo FOREIGN KEY (Caderno_De_Campo_id) REFERENCES Caderno_De_Campo (id);
ALTER TABLE Rega ADD CONSTRAINT FK_Rega_Plano_De_Rega FOREIGN KEY (Plano_De_Rega_id) REFERENCES Plano_De_Rega (id);
ALTER TABLE Rega ADD CONSTRAINT FK_Rega_Parcela_Agricola FOREIGN KEY (Parcela_Agricola_id) REFERENCES Parcela_Agricola (id);
ALTER TABLE Rede_De_Distribuição_Condutor ADD CONSTRAINT FK_Rede_De_Distribuição_Condutor_Rede_De_Distribuição FOREIGN KEY (Rede_De_Distribuição_id) REFERENCES Rede_De_Distribuição (id);
ALTER TABLE Rede_De_Distribuição_Condutor ADD CONSTRAINT FK_Rede_De_Distribuição_Condutor_Condutor FOREIGN KEY (Condutor_id) REFERENCES Condutor (id);
ALTER TABLE Rede_De_Distribuição ADD CONSTRAINT FK_Rede_De_Distribuição_Gestor_De_Distribuição FOREIGN KEY (Gestor_De_Distribuição_id) REFERENCES Gestor_De_Distribuição (id);
ALTER TABLE Incidente ADD CONSTRAINT FK_Incidente_Cliente FOREIGN KEY (Cliente_id, ClienteMorada_Correspondencia_id, ClienteMorada_Entrega_id) REFERENCES Cliente (id, Morada_Correspondencia_id, Morada_Entrega_id);
ALTER TABLE Cabaz ADD CONSTRAINT FK_Cabaz_Encomenda FOREIGN KEY (Encomenda_id) REFERENCES Encomenda (id);
ALTER TABLE Cliente ADD CONSTRAINT FK_Cliente_Morada_Correspondencia FOREIGN KEY (Morada_Correspondencia_id) REFERENCES Morada (id);
ALTER TABLE Cliente ADD CONSTRAINT FK_Cliente_Morada_Entrega FOREIGN KEY (Morada_Entrega_id) REFERENCES Morada (id);
ALTER TABLE Encomenda ADD CONSTRAINT FK_Encomenda_Cliente FOREIGN KEY (Cliente_id, Cliente_Morada_Correspondencia_id, Cliente_Morada_Entrega_id) REFERENCES Cliente (id, Morada_Correspondencia_id, Morada_Entrega_id);

ALTER TABLE Hub ADD CONSTRAINT FK_Hub_Morada_id FOREIGN KEY (Morada_id) REFERENCES Morada (id);
ALTER TABLE Parcela_Agricola_Restrição ADD CONSTRAINT FK_Parcela_Agricola_Restrição_Parcela_Agricola FOREIGN KEY (Parcela_Agricola_id) REFERENCES Parcela_Agricola (id);
ALTER TABLE Parcela_Agricola_Restrição ADD CONSTRAINT FK_Parcela_Agricola_Restrição_Restrição FOREIGN KEY (Restrição_id) REFERENCES Restrição (id);
ALTER TABLE Restrição ADD CONSTRAINT FK_Restrição_Factor_De_Produção FOREIGN KEY (Factor_De_Produçãoid) REFERENCES Factor_De_Produção (id);

ALTER TABLE Cliente ADD CONSTRAINT CK_Cliente_Numero_Fiscal CHECK (Numero_Fiscal > 99999999 AND Numero_Fiscal < 1000000000);
ALTER TABLE Cliente ADD CONSTRAINT CK_Cliente_Email CHECK (Email like '%@%.%');
ALTER TABLE Condutor ADD CONSTRAINT CK_Condutor_Email CHECK (Email like '%@%.%');
ALTER TABLE Gestor_Agricola ADD CONSTRAINT CK_Gestor_Agricola_Email CHECK (Email like '%@%.%');
ALTER TABLE Gestor_De_Distribuição ADD CONSTRAINT CK_Gestor_De_Distribuição_Email CHECK (Email like '%@%.%');
ALTER TABLE Morada ADD CONSTRAINT CK_Morada_Codigo_Postal CHECK (Codigo_Postal like '____-___');
ALTER TABLE Rede_De_Distribuição ADD CONSTRAINT CK_Rede_De_Distribuição_Tipo_De_Venda CHECK (Tipo_De_Venda LIKE 'Mercado Local' OR Tipo_De_Venda LIKE 'AMAP' OR Tipo_De_Venda LIKE 'Venda Direta' OR Tipo_De_Venda LIKE 'Grupo de Consumo');
ALTER TABLE Factor_De_Produção ADD CONSTRAINT CK_Factor_De_Produção_Formulação CHECK (Formulação LIKE 'líquido' OR Formulação LIKE 'granulado' OR Formulação LIKE 'pó');
ALTER TABLE Factor_De_Produção ADD CONSTRAINT CK_Factor_De_Produção_Tipo CHECK (Tipo LIKE 'fertilizantes' OR Tipo LIKE 'adubos' OR Tipo LIKE 'correctivos' OR Tipo LIKE 'produtos fitofármacos');
ALTER TABLE Encomenda ADD CONSTRAINT CK_Encomenda_Estado_Encomenda CHECK (Estado_Encomenda LIKE 'entregue' OR Estado_Encomenda LIKE 'paga' OR Estado_Encomenda LIKE 'registada');
ALTER TABLE Sensor ADD CONSTRAINT CK_Sensor_Tipo CHECK (Tipo LIKE 'HS' OR Tipo LIKE 'PI' OR Tipo LIKE 'TS' OR Tipo LIKE 'VV' OR Tipo LIKE 'TA' OR Tipo LIKE 'HA' OR Tipo LIKE 'PA');
ALTER TABLE Fertilização ADD CONSTRAINT CK_Fertilização_Metodo_Aplicação CHECK (Metodo_Aplicação LIKE 'Via Foliar' OR Metodo_Aplicação LIKE 'Fertirega' OR Metodo_Aplicação LIKE 'Aplicação Direta' );
ALTER TABLE Sistema_De_Rega ADD CONSTRAINT CK_Sistema_De_Rega_Tipo_De_Rega CHECK (Tipo_De_Rega LIKE 'Bombeada' OR Tipo_De_Rega LIKE 'Gravidade');
ALTER TABLE Sistema_De_Rega ADD CONSTRAINT CK_Sistema_De_Rega_Tipo_De_Distribuição CHECK (Tipo_De_Distribuição LIKE 'Aspersão' OR Tipo_De_Distribuição LIKE 'Gotejamento' OR Tipo_De_Distribuição LIKE 'Pulverização');
ALTER TABLE Cultura ADD CONSTRAINT CK_Cultura_Tipo CHECK (Tipo LIKE 'Permanente' OR Tipo LIKE 'Temporário');
ALTER TABLE Registo_Não_Inserido ADD CONSTRAINT FK_Registo_Não_Inserido_Registo_Sensor FOREIGN KEY (Registo_Sensor_id) REFERENCES Registo_Sensor (id);

/*======Morada======================================================================*/
insert into morada values (1, '4480-123', 'Porto');
insert into morada values (2, '4470-120', 'Lisboa');
insert into morada values (3, '4454-300', 'Modivas');
insert into morada values (4, '4492-257', 'Vila Do Conde');
insert into morada values (5, '4488-172', 'Aveiro');

/*======Cliente======================================================================*/

insert into cliente values (1, 'Pedro', 290088763, 'pedro@myspace.com', 1500.15, 1, 1,1,1);
insert into cliente values (2, 'José', 235006789, 'jose@yahoo.com', 300.50, 1, 2,0,0);
insert into cliente values (3, 'Tiago', 290088761, 'tiago@msn.com', 2000.10, 3, 4,1,2);
insert into cliente values (4, 'Alexandre', 158679872, 'alexandre@hotmail.com', 10000, 4, 4,1,4);
insert into cliente values (5, 'Ricardo', 198789123, 'ricardo@gmail.com', 500, 4, 4,5,70);

/*======Instalação_Agricola======================================================================*/

insert into instalação_agricola values (1);
insert into instalação_agricola values (2);

/*======Armazem_Colheita======================================================================*/

insert into Armazem_Colheita values (1, 1);
insert into Armazem_Colheita values (2, 1);
insert into Armazem_Colheita values (3, 2);
insert into Armazem_Colheita values (4, 2);
insert into Armazem_Colheita values (5 ,2);

/*======Armazem_Factor_De_Produção======================================================================*/

insert into Armazem_Factor_De_Produção values (1, 1);
insert into Armazem_Factor_De_Produção values (2, 1);
insert into Armazem_Factor_De_Produção values (3, 2);
insert into Armazem_Factor_De_Produção values (4, 2);

/*======Armazem_Ração_Animal======================================================================*/

insert into Armazem_Ração_Animal values (1, 1);
insert into Armazem_Ração_Animal values (2, 1);
insert into Armazem_Ração_Animal values (3, 2);
insert into Armazem_Ração_Animal values (4, 2);

/*======Estabulo_Animal======================================================================*/

insert into Estabulo_Animal values (1, 1);
insert into Estabulo_Animal values (2, 1);
insert into Estabulo_Animal values (3, 2);
insert into Estabulo_Animal values (4, 2);

/*======Garagem_Maquinas_Alfaias======================================================================*/

insert into Garagem_Maquinas_Alfaias values (1, 1);
insert into Garagem_Maquinas_Alfaias values (2, 1);
insert into Garagem_Maquinas_Alfaias values (3, 2);
insert into Garagem_Maquinas_Alfaias values (4, 2);

/*======Cultura======================================================================*/

insert into Cultura values (1,'Milho','Permanente');
insert into Cultura values (2,'Soja','Permanente');
insert into Cultura values (3,'Trigo','Permanente');
insert into Cultura values (4,'Cevada','Permanente');
insert into Cultura values (5,'Beterraba','Permanente');
insert into Cultura values (6,'Feno ','Temporário');
insert into Cultura values (7,'Bambu','Temporário');
insert into Cultura values (8,'Algodão','Temporário');
insert into Cultura values (9,'Girassol','Temporário');
insert into Cultura values (10,'Azeitonas','Temporário');

/*======Ração_Animal======================================================================*/

insert into Ração_Animal values (1);
insert into Ração_Animal values (2);
insert into Ração_Animal values (3);
insert into Ração_Animal values (4);


/*======Armazem_Ração_Animal_Ração_Animal======================================================================*/

insert into Armazem_Ração_Animal_Ração_Animal values (1,1);
insert into Armazem_Ração_Animal_Ração_Animal values (1,2);
insert into Armazem_Ração_Animal_Ração_Animal values (1,3);
insert into Armazem_Ração_Animal_Ração_Animal values (1,4);
insert into Armazem_Ração_Animal_Ração_Animal values (2,2);
insert into Armazem_Ração_Animal_Ração_Animal values (2,3);
insert into Armazem_Ração_Animal_Ração_Animal values (2,4);
insert into Armazem_Ração_Animal_Ração_Animal values (3,3);
insert into Armazem_Ração_Animal_Ração_Animal values (3,4);
insert into Armazem_Ração_Animal_Ração_Animal values (4,4);

/*======Gestor_De_Distribuição======================================================================*/

insert into Gestor_De_Distribuição values (1,'Cipriano Coimbra','CiprianoCoimbra@gmail.com');
insert into Gestor_De_Distribuição values (2,'Casimiro Cavaco','CasimiroCavaco@gmail.com');
insert into Gestor_De_Distribuição values (3,'Silvio Florencio','SilvioFlorencio@gmail.com');
insert into Gestor_De_Distribuição values (4,'Leandro Ribeiro','LeandroRibeiro@gmail.com');
insert into Gestor_De_Distribuição values (5,'Viriato Carvalho','ViriatoCarvalho@gmail.com');
insert into Gestor_De_Distribuição values (6,'Rubinho Abreu','RubinhoAbreu@gmail.com');

/*======Condutor======================================================================*/

insert into Condutor values (1,'Teodoro Coimbra','TeodoroCoimbra@gmail.com');
insert into Condutor values (2,'Cruz Fernandes','CruzFernandes@gmail.com');
insert into Condutor values (3,'Valério Caetano','ValérioCaetano@gmail.com');
insert into Condutor values (4,'Érico Monteiro','ÉricoMonteiro@gmail.com');
insert into Condutor values (5,'Zé Baptista','ZéBaptista@gmail.com');
insert into Condutor values (6,'Félix Bettencourt','FélixBettencourt@gmail.com');

/*======Rede_De_Distribuição======================================================================*/

insert into Rede_De_Distribuição values (1,'Mercado Local',1);
insert into Rede_De_Distribuição values (2,'AMAP',2);
insert into Rede_De_Distribuição values (3,'Venda Direta',3);
insert into Rede_De_Distribuição values (4,'Grupo de Consumo',4);

/*======Rede_De_Distribuição_Condutor======================================================================*/

insert into Rede_De_Distribuição_Condutor values (1,1);
insert into Rede_De_Distribuição_Condutor values (1,2);
insert into Rede_De_Distribuição_Condutor values (1,3);
insert into Rede_De_Distribuição_Condutor values (1,4);
insert into Rede_De_Distribuição_Condutor values (1,5);
insert into Rede_De_Distribuição_Condutor values (1,6);
insert into Rede_De_Distribuição_Condutor values (2,2);
insert into Rede_De_Distribuição_Condutor values (2,3);
insert into Rede_De_Distribuição_Condutor values (2,4);
insert into Rede_De_Distribuição_Condutor values (2,5);
insert into Rede_De_Distribuição_Condutor values (2,6);
insert into Rede_De_Distribuição_Condutor values (3,3);
insert into Rede_De_Distribuição_Condutor values (3,4);
insert into Rede_De_Distribuição_Condutor values (3,5);
insert into Rede_De_Distribuição_Condutor values (3,6);
insert into Rede_De_Distribuição_Condutor values (4,4);
insert into Rede_De_Distribuição_Condutor values (4,5);
insert into Rede_De_Distribuição_Condutor values (4,6);


/*======Instalação_Agricola_Rede_De_Distribuição======================================================================*/

insert into Instalação_Agricola_Rede_De_Distribuição values (1,1);
insert into Instalação_Agricola_Rede_De_Distribuição values (1,2);
insert into Instalação_Agricola_Rede_De_Distribuição values (1,3);
insert into Instalação_Agricola_Rede_De_Distribuição values (1,4);
insert into Instalação_Agricola_Rede_De_Distribuição values (2,3);
insert into Instalação_Agricola_Rede_De_Distribuição values (2,4);

/*======Produto======================================================================*/

insert into Produto values (1,'Milho',1.47);
insert into Produto values (2,'Soja',1.0);
insert into Produto values (3,'Trigo',2.34);
insert into Produto values (4,'Cevada',4.05);
insert into Produto values (5,'Beterraba',1.23);
insert into Produto values (6,'Feno ',0.56);
insert into Produto values (7,'Bambu',7.14);
insert into Produto values (8,'Algodão',2.26);
insert into Produto values (9,'Girassol',1.07);
insert into Produto values (10,'Azeitonas',3.55);

/*======Encomenda======================================================================*/

insert into Encomenda values (1,1,'entregue',DATE '2022-11-01',DATE '2022-11-01',DATE '2022-11-02',1,1,1);
insert into Encomenda values (2,1,'entregue',DATE '2022-11-01',DATE '2022-11-02',DATE '2022-11-03',1,1,1);
insert into Encomenda values (3,1,'paga',DATE '2022-11-01',DATE '2022-11-04',DATE '2022-11-07',1,1,1);
insert into Encomenda values (4,2,'entregue',DATE '2022-11-02',DATE '2022-11-02',DATE '2022-11-05',1,1,1);
insert into Encomenda values (5,2,'paga',DATE '2022-11-10',DATE '2022-11-11',DATE '2022-11-11',1,1,1);
insert into Encomenda values (6,2,'registada',DATE '2022-11-11',NULL,DATE '2022-11-01',2,1,2);
insert into Encomenda values (7,2,'entregue',DATE '2022-11-01',DATE '2022-11-07',DATE '2022-11-08',2,1,2);
insert into Encomenda values (8,2,'registada',DATE '2022-11-02',NULL,DATE '2022-11-10',2,1,2);
insert into Encomenda values (9,2,'registada',DATE '2022-11-05',NULL,DATE '2022-11-11',3,3,4);
insert into Encomenda values (10,1,'registada',DATE '2022-11-01',NULL,DATE '2022-11-04',3,3,4);
insert into Encomenda values (11,3,'entregue',DATE '2022-11-01',DATE '2022-11-01',DATE '2022-11-01',3,3,4);
insert into Encomenda values (12,3,'registada',DATE '2022-11-01',NULL,DATE '2022-11-05',3,3,4);
insert into Encomenda values (13,4,'entregue',DATE '2022-11-16',DATE '2022-11-16',DATE '2022-11-20',4,4,4);
insert into Encomenda values (14,4,'paga',DATE '2022-11-01',DATE '2022-11-02',DATE '2022-11-07',4,4,4);
insert into Encomenda values (15,4,'registada',DATE '2022-11-22',NULL,DATE '2022-11-29',4,4,4);

/*======Cabaz======================================================================*/

insert into Cabaz values (1,12.0,DATE '2022-11-01',1,1,1);
insert into Cabaz values (2,11.0,DATE '2022-11-01',1,1,2);
insert into Cabaz values (3,12.0,DATE '2022-11-01',2,1,3);
insert into Cabaz values (4,13.0,DATE '2022-11-02',2,1,4);
insert into Cabaz values (5,14.0,DATE '2022-11-10',3,1,5);
insert into Cabaz values (6,12.0,DATE '2022-11-11',3,1,6);
insert into Cabaz values (7,15.0,DATE '2022-11-01',4,1,7);
insert into Cabaz values (8,12.0,DATE '2022-11-02',4,1,8);
insert into Cabaz values (9,17.0,DATE '2022-11-05',4,1,9);
insert into Cabaz values (10,21.0,DATE '2022-11-01',3,2,10);
insert into Cabaz values (11,12.5,DATE '2022-11-01',3,2,11);
insert into Cabaz values (12,12.6,DATE '2022-11-01',4,2,12);
insert into Cabaz values (13,11.2,DATE '2022-11-16',4,2,13);
insert into Cabaz values (14,18.0,DATE '2022-11-01',4,2,14);
insert into Cabaz values (15,9.5,DATE '2022-11-22',4,2,15);


/*======Cabaz_Produto======================================================================*/

insert into Cabaz_Produto values (1,1);
insert into Cabaz_Produto values (2,1);
insert into Cabaz_Produto values (3,2);
insert into Cabaz_Produto values (4,2);
insert into Cabaz_Produto values (5,3);
insert into Cabaz_Produto values (6,4);
insert into Cabaz_Produto values (7,5);
insert into Cabaz_Produto values (8,6);
insert into Cabaz_Produto values (9,7);
insert into Cabaz_Produto values (10,8);
insert into Cabaz_Produto values (11,9);
insert into Cabaz_Produto values (12,10);
insert into Cabaz_Produto values (13,10);
insert into Cabaz_Produto values (14,9);
insert into Cabaz_Produto values (15,8);

/*======Incidente======================================================================*/

insert into Incidente values (1, 1, 5000, DATE '2021-05-02', DATE '2022-07-14', 1, 1);
insert into Incidente values (2, 2, 15000, DATE '2022-06-02', DATE '2022-08-04', 1, 2);
insert into Incidente values (3, 3, 20000, DATE '2020-01-01', DATE '2020-10-27', 3, 4);
insert into Incidente values (4, 3, 3000, DATE '2019-09-05', DATE '2020-02-09', 3, 4);
insert into Incidente values (5, 3, 7000, DATE '2021-04-03', DATE '2021-08-28', 3, 4);

/*======Gestor_Agricola======================================================================*/

insert into Gestor_Agricola values (1, 'Antonio', 'antonio@yahoo.com');
insert into Gestor_Agricola values (2, 'Pedro', 'pedro@outlook.com');
insert into Gestor_Agricola values (3, 'Tiago', 'tiago@gmail.com');
insert into Gestor_Agricola values (4, 'Jose', 'jose@msn.com');
insert into Gestor_Agricola values (5, 'Ricardo', 'ricardo@myspace.com');

/*======Caderno_De_Campo======================================================================*/

insert into Caderno_De_Campo values (1,1);
insert into Caderno_De_Campo values (2,2);
insert into Caderno_De_Campo values (3,3);
insert into Caderno_De_Campo values (4,4);
insert into Caderno_De_Campo values (5,5);

/*======Elemento_Nutritivo_Organico======================================================================*/

insert into Elemento_Nutritivo_Organico values (1,'Azoto','6%');
insert into Elemento_Nutritivo_Organico values (2,'Óxido de Cálcio','15%');
insert into Elemento_Nutritivo_Organico values (3,'Pentóxido de fósforo','2%');
insert into Elemento_Nutritivo_Organico values (4,'Óxido de cálcio','10%');
insert into Elemento_Nutritivo_Organico values (5,'Óxido de magnésio','2%');
insert into Elemento_Nutritivo_Organico values (6,'Vitamina C','20%');
insert into Elemento_Nutritivo_Organico values (7,'Folato','1%');
insert into Elemento_Nutritivo_Organico values (8,'Magnésio','3%');
insert into Elemento_Nutritivo_Organico values (9,'Ferro','5%');
insert into Elemento_Nutritivo_Organico values (10,'Sais Minerais','0.2%');

/*======Substancia_Organica======================================================================*/

insert into Substancia_Organica values (1,'Carbono de origebiológica','35%');
insert into Substancia_Organica values (2,'Matéria Orgânica','60%');
insert into Substancia_Organica values (3,'Ácidos húmicos','6.0%');
insert into Substancia_Organica values (4,'Ácidos fúlicos','3.5%');
insert into Substancia_Organica values (5,'Humidade','7.5%');
insert into Substancia_Organica values (6,'pH','7');
insert into Substancia_Organica values (7,'Peso específico','0.8 Kg/L');
insert into Substancia_Organica values (8,'Formulação peletizada','0.3mm');


/*======Ficha_Tecnica======================================================================*/

insert into Ficha_Tecnica values (1);
insert into Ficha_Tecnica values (2);
insert into Ficha_Tecnica values (3);
insert into Ficha_Tecnica values (4);
insert into Ficha_Tecnica values (5);


/*======Ficha_Tecnica_Elemento_Nutritivo_Organico======================================================================*/

insert into Ficha_Tecnica_Elemento_Nutritivo_Organico values (1,1);
insert into Ficha_Tecnica_Elemento_Nutritivo_Organico values (1,2);
insert into Ficha_Tecnica_Elemento_Nutritivo_Organico values (1,3);
insert into Ficha_Tecnica_Elemento_Nutritivo_Organico values (1,4);
insert into Ficha_Tecnica_Elemento_Nutritivo_Organico values (1,5);
insert into Ficha_Tecnica_Elemento_Nutritivo_Organico values (2,6);
insert into Ficha_Tecnica_Elemento_Nutritivo_Organico values (2,7);
insert into Ficha_Tecnica_Elemento_Nutritivo_Organico values (2,8);
insert into Ficha_Tecnica_Elemento_Nutritivo_Organico values (3,9);
insert into Ficha_Tecnica_Elemento_Nutritivo_Organico values (3,10);
insert into Ficha_Tecnica_Elemento_Nutritivo_Organico values (4,2);
insert into Ficha_Tecnica_Elemento_Nutritivo_Organico values (4,3);
insert into Ficha_Tecnica_Elemento_Nutritivo_Organico values (4,6);
insert into Ficha_Tecnica_Elemento_Nutritivo_Organico values (4,7);
insert into Ficha_Tecnica_Elemento_Nutritivo_Organico values (5,10);

/*======Ficha_Tecnica_Substancia_Organica======================================================================*/

insert into Ficha_Tecnica_Substancia_Organica values (1,1);
insert into Ficha_Tecnica_Substancia_Organica values (1,2);
insert into Ficha_Tecnica_Substancia_Organica values (1,3);
insert into Ficha_Tecnica_Substancia_Organica values (1,4);
insert into Ficha_Tecnica_Substancia_Organica values (1,5);
insert into Ficha_Tecnica_Substancia_Organica values (1,6);
insert into Ficha_Tecnica_Substancia_Organica values (1,7);
insert into Ficha_Tecnica_Substancia_Organica values (1,8);
insert into Ficha_Tecnica_Substancia_Organica values (2,1);
insert into Ficha_Tecnica_Substancia_Organica values (2,3);
insert into Ficha_Tecnica_Substancia_Organica values (2,5);
insert into Ficha_Tecnica_Substancia_Organica values (3,2);
insert into Ficha_Tecnica_Substancia_Organica values (3,4);
insert into Ficha_Tecnica_Substancia_Organica values (4,7);
insert into Ficha_Tecnica_Substancia_Organica values (4,8);
insert into Ficha_Tecnica_Substancia_Organica values (4,1);
insert into Ficha_Tecnica_Substancia_Organica values (4,5);
insert into Ficha_Tecnica_Substancia_Organica values (5,7);

/*======Factor_De_Produção======================================================================*/

insert into Factor_De_Produção values (1,'Minoxidil','adubos','granulado','Maped',1);
insert into Factor_De_Produção values (2,'Gra-Fa','correctivos','pó','Maped',2);
insert into Factor_De_Produção values (3,'Feritlizante Al','fertilizantes','líquido','Maped',3);
insert into Factor_De_Produção values (4,'Sementes Mágicas','produtos fitofármacos','granulado','Maped',4);
insert into Factor_De_Produção values (5,'Pó azul','fertilizantes','pó','Maped',5);


/*======Factor_De_Produção_Armazem_Factor_De_Produção======================================================================*/

insert into Factor_De_Produção_Armazem_Factor_De_Produção values (1,1);
insert into Factor_De_Produção_Armazem_Factor_De_Produção values (2,1);
insert into Factor_De_Produção_Armazem_Factor_De_Produção values (3,1);
insert into Factor_De_Produção_Armazem_Factor_De_Produção values (4,1);
insert into Factor_De_Produção_Armazem_Factor_De_Produção values (5,1);
insert into Factor_De_Produção_Armazem_Factor_De_Produção values (2,2);
insert into Factor_De_Produção_Armazem_Factor_De_Produção values (3,2);
insert into Factor_De_Produção_Armazem_Factor_De_Produção values (4,2);
insert into Factor_De_Produção_Armazem_Factor_De_Produção values (5,2);
insert into Factor_De_Produção_Armazem_Factor_De_Produção values (3,3);
insert into Factor_De_Produção_Armazem_Factor_De_Produção values (4,3);
insert into Factor_De_Produção_Armazem_Factor_De_Produção values (5,3);
insert into Factor_De_Produção_Armazem_Factor_De_Produção values (4,4);
insert into Factor_De_Produção_Armazem_Factor_De_Produção values (5,4);

/*======Estação_Meteorologica======================================================================*/

insert into Estação_Meteorologica values (1,1);
insert into Estação_Meteorologica values (2,1);
insert into Estação_Meteorologica values (3,1);
insert into Estação_Meteorologica values (4,1);
insert into Estação_Meteorologica values (5,1);
insert into Estação_Meteorologica values (6,2);
insert into Estação_Meteorologica values (7,2);
insert into Estação_Meteorologica values (8,2);
insert into Estação_Meteorologica values (9,2);
insert into Estação_Meteorologica values (10,2);

/*======Sensor======================================================================*/

insert into Sensor values ('C1','HS',1,1);
insert into Sensor values ('C11','PI',11,1);
insert into Sensor values ('C111','TS',111,1);
insert into Sensor values ('C2','VV',2,2);
insert into Sensor values ('C3','TA',3,3);
insert into Sensor values ('C4','HA',4,4);
insert into Sensor values ('C5','PA',5,5);
insert into Sensor values ('C6','HS',6,6);
insert into Sensor values ('C7','PI',7,7);
insert into Sensor values ('C8','TS',8,8);
insert into Sensor values ('C9','VV',9,9);
insert into Sensor values ('C10','TA',10,10);

/*======Valor_Sensor======================================================================*/

insert into Valor_Sensor values (1,12,CURRENT_TIMESTAMP,'C1',1,'HS',1);
insert into Valor_Sensor values (2,1,CURRENT_TIMESTAMP,'C11',1,'PI',11);
insert into Valor_Sensor values (3,12,CURRENT_TIMESTAMP,'C111',1,'TS',111);
insert into Valor_Sensor values (4,132,CURRENT_TIMESTAMP,'C1',1,'HS',1);
insert into Valor_Sensor values (5,123,CURRENT_TIMESTAMP,'C1',1,'HS',1);
insert into Valor_Sensor values (6,421,CURRENT_TIMESTAMP,'C1',1,'HS',1);
insert into Valor_Sensor values (7,1,CURRENT_TIMESTAMP,'C11',1,'PI',11);
insert into Valor_Sensor values (8,21,CURRENT_TIMESTAMP,'C11',1,'PI',11);
insert into Valor_Sensor values (9,44,CURRENT_TIMESTAMP,'C11',1,'PI',11);
insert into Valor_Sensor values (10,453,CURRENT_TIMESTAMP,'C111',1,'TS',111);
insert into Valor_Sensor values (11,12,CURRENT_TIMESTAMP,'C111',1,'TS',111);
insert into Valor_Sensor values (12,3,CURRENT_TIMESTAMP,'C1',1,'HS',1);
insert into Valor_Sensor values (13,3,CURRENT_TIMESTAMP,'C3',1,'TA',3);
insert into Valor_Sensor values (14,5,CURRENT_TIMESTAMP,'C4',1,'HA',4);
insert into Valor_Sensor values (15,7,CURRENT_TIMESTAMP,'C5',1,'PA',5);
insert into Valor_Sensor values (16,7,CURRENT_TIMESTAMP,'C6',1,'HS',6);
insert into Valor_Sensor values (17,4,CURRENT_TIMESTAMP,'C7',1,'PI',7);
insert into Valor_Sensor values (18,657,CURRENT_TIMESTAMP,'C8',1,'TS',8);
insert into Valor_Sensor values (19,123,CURRENT_TIMESTAMP,'C9',1,'VV',9);
insert into Valor_Sensor  values(20,13,CURRENT_TIMESTAMP,'C10',1,'TA',10);

/*======Sistema_De_Rega======================================================================*/

insert into Sistema_De_Rega values (1,5,'Bombeada','Aspersão');
insert into Sistema_De_Rega values (2,5,'Bombeada','Gotejamento');
insert into Sistema_De_Rega values (3,5,'Bombeada','Pulverização');
insert into Sistema_De_Rega values (4,5,'Gravidade','Aspersão');
insert into Sistema_De_Rega values (5,5,'Gravidade','Gotejamento');
insert into Sistema_De_Rega values (6,5,'Gravidade','Pulverização');

/*======Parcela_Agricola======================================================================*/

insert into Parcela_Agricola values (1,'Milho','42m^2',1,1,1,1);
insert into Parcela_Agricola values (2,'Soja','46m^2',2,1,1,1);
insert into Parcela_Agricola values (3,'Trigo','52m^2',3,1,2,1);
insert into Parcela_Agricola values (4,'Cevada','40m^2',4,1,2,1);
insert into Parcela_Agricola values (5,'Beterraba','35m^2',5,1,3,1);
insert into Parcela_Agricola values (6,'Feno','50m^2',6,2,3,1);
insert into Parcela_Agricola values (7,'Bambu','39m^2',7,2,4,1);
insert into Parcela_Agricola values (8,'Algodão','44m^2',8,2,4,1);
insert into Parcela_Agricola values (9,'Girassol','44m^2',9,2,5,1);
insert into Parcela_Agricola values (10,'Azeitonas','41m^2',10,2,6,1);

/*======Controlador======================================================================*/

insert into Controlador values (1,1);
insert into Controlador values (2,2);
insert into Controlador values (3,3);
insert into Controlador values (4,4);
insert into Controlador values (5,5);
insert into Controlador values (6,6);

/*======Electrovalvulas======================================================================*/

insert into Electrovalvulas values (1,1);
insert into Electrovalvulas values (2,1);
insert into Electrovalvulas values (3,2);
insert into Electrovalvulas values (4,2);
insert into Electrovalvulas values (5,3);
insert into Electrovalvulas values (6,3);
insert into Electrovalvulas values (7,4);
insert into Electrovalvulas values (8,4);
insert into Electrovalvulas values (9,5);
insert into Electrovalvulas values (10,5);
insert into Electrovalvulas values (11,6);
insert into Electrovalvulas values (12,6);

/*======Colheita======================================================================*/

insert into Colheita values (1,Date '2022-11-10',123,1,1,1,1);
insert into Colheita values (2,Date '2022-11-10',123,1,1,1,1);
insert into Colheita values (3,Date '2022-11-10',123,1,1,1,1);
insert into Colheita values (4,Date '2022-11-10',123,1,1,1,1);
insert into Colheita values (5,Date '2022-11-10',123,1,1,1,1);
insert into Colheita values (6,Date '2022-11-10',123,1,1,1,1);
insert into Colheita values (7,Date '2022-11-10',123,1,1,1,1);
insert into Colheita values (8,Date '2022-11-10',123,1,1,1,1);
insert into Colheita values (9,Date '2022-11-10',123,1,1,1,1);
insert into Colheita values (10,Date '2022-11-10',123,1,2,2,1);
insert into Colheita values (11,Date '2022-11-10',123,2,2,2,1);
insert into Colheita values (12,Date '2022-11-10',123,2,2,2,1);
insert into Colheita values (13,Date '2022-11-10',123,2,2,2,1);
insert into Colheita values (14,Date '2022-11-10',123,2,2,2,1);
insert into Colheita values (15,Date '2022-11-10',123,2,2,2,1);
insert into Colheita values (16,Date '2022-11-10',123,2,3,3,1);
insert into Colheita values (17,Date '2022-11-10',123,2,3,3,1);
insert into Colheita values (18,Date '2022-11-10',123,2,3,3,1);
insert into Colheita values (19,Date '2022-11-10',123,2,3,3,1);
insert into Colheita values (20,Date '2022-11-10',123,2,3,3,1);


/*======Filtro======================================================================*/

insert into Filtro values (1,'Shima');
insert into Filtro values (2,'Dakar');
insert into Filtro values (3,'Isep');
insert into Filtro values (4,'Nestlé');
insert into Filtro values (5,'Mr.World');

/*======Sistema_De_Rega_Filtro======================================================================*/

insert into Sistema_De_Rega_Filtro values (1,1);
insert into Sistema_De_Rega_Filtro values (1,2);
insert into Sistema_De_Rega_Filtro values (1,3);
insert into Sistema_De_Rega_Filtro values (1,4);
insert into Sistema_De_Rega_Filtro values (1,5);
insert into Sistema_De_Rega_Filtro values (2,2);
insert into Sistema_De_Rega_Filtro values (2,3);
insert into Sistema_De_Rega_Filtro values (2,4);
insert into Sistema_De_Rega_Filtro values (2,5);
insert into Sistema_De_Rega_Filtro values (3,3);
insert into Sistema_De_Rega_Filtro values (3,4);
insert into Sistema_De_Rega_Filtro values (3,5);
insert into Sistema_De_Rega_Filtro values (4,4);
insert into Sistema_De_Rega_Filtro values (4,5);
insert into Sistema_De_Rega_Filtro values (5,5);
insert into Sistema_De_Rega_Filtro values (6,5);


/*======Plano_De_Rega======================================================================*/

insert into Plano_De_Rega values (1, 1, 1, 2);
insert into Plano_De_Rega values (2, 1, 1, 1);
insert into Plano_De_Rega values (3, 2, 2, 1);
insert into Plano_De_Rega values (4, 3, 3, 1);
insert into Plano_De_Rega values (5, 4, 4, 2);
insert into Plano_De_Rega values (6, 4, 4, 3);
insert into Plano_De_Rega values (7, 5, 4, 1);
insert into Plano_De_Rega values (8, 6, 5, 1);
insert into Plano_De_Rega values (9, 6, 5, 3);
insert into Plano_De_Rega values (10, 6, 5, 2);

/*======Rega======================================================================*/

insert into Rega values (1, DATE '2022-11-27', 1, 1, 9, 1);
insert into Rega values (2, DATE '2022-11-28', 1, 1, 9, 1);
insert into Rega values (3, DATE '2022-11-23', 1, 2, 10, 2);
insert into Rega values (4, DATE '2022-11-20', 1, 2, 5, 3);
insert into Rega values (5, DATE '2022-11-24', 1, 3, 5, 4);
insert into Rega values (6, DATE '2022-11-25', 1, 1, 5, 5);
insert into Rega values (7, DATE '2022-11-15', 1, 3, 6, 6);
insert into Rega values (8, DATE '2022-11-27', 1, 3, 7, 7);
insert into Rega values (9, DATE '2022-11-20', 1, 2, 7, 8);
insert into Rega values (10, DATE '2022-11-20', 1, 3, 10, 9);
insert into Rega values (11, DATE '2022-11-14', 1, 1, 10, 10);
insert into Rega values (12, DATE '2022-11-15', 1, 2, 8, 10);

/*======Fertilização======================================================================*/

insert into Fertilização values (1,1,1,1,'Via Foliar',Date '2022-11-10',5);
insert into Fertilização values (2,1,1,2,'Fertirega',Date '2022-11-10',5);
insert into Fertilização values (3,1,2,3,'Aplicação Direta',Date '2022-11-10',5);
insert into Fertilização values (4,1,2,4,'Via Foliar',Date '2022-11-10',5);
insert into Fertilização values (5,1,3,5,'Fertirega',Date '2022-11-10',5);
insert into Fertilização values (6,1,3,6,'Aplicação Direta',Date '2022-11-10',5);
insert into Fertilização values (7,1,4,7,'Via Foliar',Date '2022-11-10',5);
insert into Fertilização values (8,1,4,8,'Fertirega',Date '2022-11-10',5);
insert into Fertilização values (9,1,5,9,'Aplicação Direta',Date '2022-11-10',5);
insert into Fertilização values (10,1,5,10,'Fertirega',Date '2022-11-10',5);

/*=======Hub=====================================================================*/

insert into Hub values (1, 'CT100', 45.7856, -9.6782);
insert into Hub values (1, 'CT101', 89.4576, -10.1234);
insert into Hub values (2, 'CT102', -12.6789, 23.9876);
insert into Hub values (2, 'CT103', -13.6231, 87.4537);
insert into Hub values (3, 'CT104', 5.9182, 34.7568);

/*=======input_Hub=====================================================================*/

insert into input_hub values ('CT1;40.6389;-8.6553;C1');
insert into input_hub values ('CT2;38.0333;-7.8833;C2');
insert into input_hub values ('CT14;38.5243;-8.8926;E1');
insert into input_hub values ('CT11;39.3167;-7.4167;E2');
insert into input_hub values ('CT10;39.7444;-8.8072;P3');

/*========Restrição====================================================================*/

insert into Restrição values (1,1,Date '2022-11-10',Date '2022-11-11');
insert into Restrição values (2,2,Date '2022-11-10',Date '2022-11-11');
insert into Restrição values (3,3,Date '2022-11-10',Date '2022-11-11');
insert into Restrição values (4,4,Date '2022-11-10',Date '2022-11-11');
insert into Restrição values (5,5,Date '2022-11-10',Date '2022-11-11');

/*=========Parcela_Agricola_Restrição===================================================================*/

insert into Parcela_Agricola_Restrição values (1,1);
insert into Parcela_Agricola_Restrição values (2,2);
insert into Parcela_Agricola_Restrição values (3,3);
insert into Parcela_Agricola_Restrição values (4,4);
insert into Parcela_Agricola_Restrição values (5,5);
insert into Parcela_Agricola_Restrição values (6,1);
insert into Parcela_Agricola_Restrição values (7,2);
insert into Parcela_Agricola_Restrição values (8,3);
insert into Parcela_Agricola_Restrição values (9,4);
insert into Parcela_Agricola_Restrição values (10,5);

/*============================================================================*/
